Arrestados segun edad sexo y nacionalidad,Número de arrestos,Periodo,Año
Edad 1 a 17,179,Enero-Marzo,2017
Edad 18 a 25,1723,Enero-Marzo,2017
Edad 26 a 30,1119,Enero-Marzo,2017
Edad 31 a 35,937,Enero-Marzo,2017
Edad 36 a 40,670,Enero-Marzo,2017
Edad 41 a 45,467,Enero-Marzo,2017
Edad 46 a 50,286,Enero-Marzo,2017
Edad 51 a mas,225,Enero-Marzo,2017
Hombres,5495,Enero-Marzo,2017
Mujeres,111,Enero-Marzo,2017
Dominicanos,5738,Enero-Marzo,2017
Extranjeros,398,Enero-Marzo,2017
Edad 1 a 17,145,Abril-Junio,2017
Edad 18 a 25,1433,Abril-Junio,2017
Edad 26 a 30,1088,Abril-Junio,2017
Edad 31 a 35,896,Abril-Junio,2017
Edad 36 a 40,711,Abril-Junio,2017
Edad 41 a 45,474,Abril-Junio,2017
Edad 46 a 50,297,Abril-Junio,2017
Edad 51 a mas,274,Abril-Junio,2017
Hombres,5201,Abril-Junio,2017
Mujeres,117,Abril-Junio,2017
Dominicanos,5298,Abril-Junio,2017
Extranjeros,377,Abril-Junio,2017
Edad 1 a 17,108,Julio-Septiembre,2017
Edad 18 a 25,1405,Julio-Septiembre,2017
Edad 26 a 30,1027,Julio-Septiembre,2017
Edad 31 a 35,833,Julio-Septiembre,2017
Edad 36 a 40,597,Julio-Septiembre,2017
Edad 41 a 45,397,Julio-Septiembre,2017
Edad 46 a 50,257,Julio-Septiembre,2017
Edad 51 a mas,194,Julio-Septiembre,2017
Hombres,4747,Julio-Septiembre,2017
Mujeres,73,Julio-Septiembre,2017
Dominicanos,4808,Julio-Septiembre,2017
Extranjeros,502,Julio-Septiembre,2017
Edad 1 a 17,125,Octubre-Diciembre,2017
Edad 18 a 25,1263,Octubre-Diciembre,2017
Edad 26 a 30,943,Octubre-Diciembre,2017
Edad 31 a 35,698,Octubre-Diciembre,2017
Edad 36 a 40,546,Octubre-Diciembre,2017
Edad 41 a 45,358,Octubre-Diciembre,2017
Edad 46 a 50,226,Octubre-Diciembre,2017
Edad 51 a mas,167,Octubre-Diciembre,2017
Hombres,4207,Octubre-Diciembre,2017
Mujeres,69,Octubre-Diciembre,2017
Dominicanos,4129,Octubre-Diciembre,2017
Extranjeros,486,Octubre-Diciembre,2017
Edad 1 a 17,110,Enero-Marzo,2018
Edad 18 a 25,1278,Enero-Marzo,2018
Edad 26 a 30,548,Enero-Marzo,2018
Edad 31 a 35,756,Enero-Marzo,2018
Edad 36 a 40,591,Enero-Marzo,2018
Edad 41 a 45,240,Enero-Marzo,2018
Edad 46 a 50,192,Enero-Marzo,2018
Edad 51 a mas,200,Enero-Marzo,2018
Hombres,3865,Enero-Marzo,2018
Mujeres,50,Enero-Marzo,2018
Dominicanos,4276,Enero-Marzo,2018
Extranjeros,238,Enero-Marzo,2018
Edad 1 a 17,80,Abril-Junio,2018
Edad 18 a 25,1092,Abril-Junio,2018
Edad 26 a 30,875,Abril-Junio,2018
Edad 31 a 35,548,Abril-Junio,2018
Edad 36 a 40,646,Abril-Junio,2018
Edad 41 a 45,484,Abril-Junio,2018
Edad 46 a 50,233,Abril-Junio,2018
Edad 51 a mas,190,Abril-Junio,2018
Hombres,4101,Abril-Junio,2018
Mujeres,47,Abril-Junio,2018
Dominicanos,4392,Abril-Junio,2018
Extranjeros,228,Abril-Junio,2018
Edad 1 a 17,140,Julio-Septiembre,2018
Edad 18 a 25,1340,Julio-Septiembre,2018
Edad 26 a 30,975,Julio-Septiembre,2018
Edad 31 a 35,893,Julio-Septiembre,2018
Edad 36 a 40,497,Julio-Septiembre,2018
Edad 41 a 45,251,Julio-Septiembre,2018
Edad 46 a 50,279,Julio-Septiembre,2018
Edad 51 a mas,184,Julio-Septiembre,2018
Hombres,4497,Julio-Septiembre,2018
Mujeres,62,Julio-Septiembre,2018
Dominicanos,4033,Julio-Septiembre,2018
Extranjeros,209,Julio-Septiembre,2018
Edad 1 a 17,110,Octubre-Diciembre,2018
Edad 18 a 25,1385,Octubre-Diciembre,2018
Edad 26 a 30,987,Octubre-Diciembre,2018
Edad 31 a 35,820,Octubre-Diciembre,2018
Edad 36 a 40,631,Octubre-Diciembre,2018
Edad 41 a 45,540,Octubre-Diciembre,2018
Edad 46 a 50,356,Octubre-Diciembre,2018
Edad 51 a mas,418,Octubre-Diciembre,2018
Hombres,5194,Octubre-Diembre,2018
Mujeres,53,Octubre-Diembre,2018
Dominicanos,3656,Octubre-Diciembre,2018
Extranjeros,201,Octubre-Diciembre,2018
Edad 1 a 17,125,Enero-Marzo,2019
Edad 18 a 25,1493,Enero-Marzo,2019
Edad 26 a 30,955,Enero-Marzo,2019
Edad 31 a 35,759,Enero-Marzo,2019
Edad 36 a 40,675,Enero-Marzo,2019
Edad 41 a 45,480,Enero-Marzo,2019
Edad 46 a 50,288,Enero-Marzo,2019
Edad 51 a mas,870,Enero-Marzo,2019
Hombres,5565,Enero-Marzo,2019
Mujeres,116,Enero-Marzo,2019
Dominicanos,5347,Enero-Marzo,2019
Extranjeros,334,Enero-Marzo,2019
Edad 1 a 17,142,Abril-Junio,2019
Edad 18 a 25,1381,Abril-Junio,2019
Edad 26 a 30,892,Abril-Junio,2019
Edad 31 a 35,736,Abril-Junio,2019
Edad 36 a 40,633,Abril-Junio,2019
Edad 41 a 45,423,Abril-Junio,2019
Edad 46 a 50,234,Abril-Junio,2019
Edad 51 a mas,669,Abril-Junio,2019
Hombres,4984,Abril-Junio,2019
Mujeres,87,Abril-Junio,2019
Dominicanos,4766,Abril-Junio,2019
Extranjeros,305,Abril-Junio,2019
Edad 1 a 17,64,Julio-Septiembre,2019
Edad 18 a 25,758,Julio-Septiembre,2019
Edad 26 a 30,471,Julio-Septiembre,2019
Edad 31 a 35,415,Julio-Septiembre,2019
Edad 36 a 40,294,Julio-Septiembre,2019
Edad 41 a 45,212,Julio-Septiembre,2019
Edad 46 a 50,191,Julio-Septiembre,2019
Edad 51 a mas,263,Julio-Septiembre,2019
Hombres,2625,Julio-Septiembre,2019
Mujeres,43,Julio-Septiembre,2019
Dominicanos,2548,Julio-Septiembre,2019
Extranjeros,120,Julio-Septiembre,2019
Edad 1 a 17,57,Octubre-Diciembre,2019
Edad 18 a 25,783,Octubre-Diciembre,2019
Edad 26 a 30,524,Octubre-Diciembre,2019
Edad 31 a 35,449,Octubre-Diciembre,2019
Edad 36 a 40,378,Octubre-Diciembre,2019
Edad 41 a 45,252,Octubre-Diciembre,2019
Edad 46 a 50,185,Octubre-Diciembre,2019
Edad 51 a mas,360,Octubre-Diciembre,2019
Hombres,2944,Octubre-Diembre,2019
Mujeres,44,Octubre-Diembre,2019
Dominicanos,2802,Octubre-Diciembre,2019
Extranjeros,186,Octubre-Diciembre,2019
Edad 1 a 17,38,Enero-Marzo,2020
Edad 18 a 25,610,Enero-Marzo,2020
Edad 26 a 30,388,Enero-Marzo,2020
Edad 31 a 35,366,Enero-Marzo,2020
Edad 36 a 40,311,Enero-Marzo,2020
Edad 41 a 45,197,Enero-Marzo,2020
Edad 46 a 50,155,Enero-Marzo,2020
Edad 51 a mas,410,Enero-Marzo,2020
Hombres,2431,Enero-Marzo,2020
Mujeres,44,Enero-Marzo,2020
Dominicanos,2247,Enero-Marzo,2020
Extranjeros,228,Enero-Marzo,2020
Edad 1 a 17,29,Abril-Junio,2020
Edad 18 a 25,427,Abril-Junio,2020
Edad 26 a 30,282,Abril-Junio,2020
Edad 31 a 35,222,Abril-Junio,2020
Edad 36 a 40,176,Abril-Junio,2020
Edad 41 a 45,113,Abril-Junio,2020
Edad 46 a 50,86,Abril-Junio,2020
Edad 51 a mas,198,Abril-Junio,2020
Hombres,1514,Abril-Junio,2020
Mujeres,19,Abril-Junio,2020
Dominicanos,1468,Abril-Junio,2020
Extranjeros,65,Abril-Junio,2020
Edad 1 a 17,36,Julio-Septiembre,2020
Edad 18 a 25,653,Julio-Septiembre,2020
Edad 26 a 30,399,Julio-Septiembre,2020
Edad 31 a 35,340,Julio-Septiembre,2020
Edad 36 a 40,284,Julio-Septiembre,2020
Edad 41 a 45,200,Julio-Septiembre,2020
Edad 46 a 50,112,Julio-Septiembre,2020
Edad 51 a mas,345,Julio-Septiembre,2020
Hombres,2335,Julio-Septiembre,2020
Mujeres,34,Julio-Septiembre,2020
Dominicanos,2241,Julio-Septiembre,2020
Extranjeros,128,Julio-Septiembre,2020
Edad 1 a 17,35,Octubre-Diciembre,2020
Edad 18 a 25,712,Octubre-Diciembre,2020
Edad 26 a 30,456,Octubre-Diciembre,2020
Edad 31 a 35,377,Octubre-Diciembre,2020
Edad 36 a 40,327,Octubre-Diciembre,2020
Edad 41 a 45,227,Octubre-Diciembre,2020
Edad 46 a 50,161,Octubre-Diciembre,2020
Edad 51 a mas,1069,Octubre-Diciembre,2020
Hombres,3313,Octubre-Diciembre,2020
Mujeres,51,Octubre-Diciembre,2020
Dominicanos,3161,Octubre-Diciembre,2020
Extranjeros,203,Octubre-Diciembre,2020
Edad 1 a 17,52,Enero-Marzo,2021
Edad 18 a 25,1058,Enero-Marzo,2021
Edad 26 a 30,791,Enero-Marzo,2021
Edad 31 a 35,654,Enero-Marzo,2021
Edad 36 a 40,483,Enero-Marzo,2021
Edad 41 a 45,390,Enero-Marzo,2021
Edad 46 a 50,295,Enero-Marzo,2021
Edad 51 a mas,888,Enero-Marzo,2021
Hombres,4543,Enero-Marzo,2021
Mujeres,68,Enero-Marzo,2021
Dominicanos,4329,Enero-Marzo,2021
Extranjeros,282,Enero-Marzo,2021
Edad 1 a 17,54,Abril-Junio,2021
Edad 18 a 25,1226,Abril-Junio,2021
Edad 26 a 30,838,Abril-Junio,2021
Edad 31 a 35,656,Abril-Junio,2021
Edad 36 a 40,616,Abril-Junio,2021
Edad 41 a 45,426,Abril-Junio,2021
Edad 46 a 50,332,Abril-Junio,2021
Edad 51 a mas,772,Abril-Junio,2021
Hombres,4830,Abril-Junio,2021
Mujeres,90,Abril-Junio,2021
Dominicanos,4577,Abril-Junio,2021
Extranjeros,343,Abril-Junio,2021
Edad 1 a 17,74,Julio-Septiembre,2021
Edad 18 a 25,1146,Julio-Septiembre,2021
Edad 26 a 30,760,Julio-Septiembre,2021
Edad 31 a 35,555,Julio-Septiembre,2021
Edad 36 a 40,510,Julio-Septiembre,2021
Edad 41 a 45,374,Julio-Septiembre,2021
Edad 46 a 50,272,Julio-Septiembre,2021
Edad 51 a mas,102,Julio-Septiembre,2021
Hombres,4648,Julio-Septiembre,2021
Mujeres,72,Julio-Septiembre,2021
Dominicanos,4399,Julio-Septiembre,2021
Extranjeros,321,Julio-Septiembre,2021
Edad 1 a 17,88,Octubre-Diciembre,2021
Edad 18 a 25,1214,Octubre-Diciembre,2021
Edad 26 a 30,817,Octubre-Diciembre,2021
Edad 31 a 35,759,Octubre-Diciembre,2021
Edad 36 a 40,590,Octubre-Diciembre,2021
Edad 41 a 45,448,Octubre-Diciembre,2021
Edad 46 a 50,361,Octubre-Diciembre,2021
Edad 51 a mas,1443,Octubre-Diciembre,2021
Hombres,121,Octubre-Diciembre,2021
Mujeres,5599,Octubre-Diciembre,2021
Dominicanos,5265,Octubre-Diciembre,2021
Extranjeros,455,Octubre-Diciembre,2021
Edad 1 a 17,75,Enero-Marzo,2022
Edad 18 a 25,1480,Enero-Marzo,2022
Edad 26 a 30,1103,Enero-Marzo,2022
Edad 31 a 35,948,Enero-Marzo,2022
Edad 36 a 40,884,Enero-Marzo,2022
Edad 41 a 45,546,Enero-Marzo,2022
Edad 46 a 50,399,Enero-Marzo,2022
Edad 51 a mas,1413,Enero-Marzo,2022
Hombres,6727,Enero-Marzo,2022
Mujeres,121,Enero-Marzo,2022
Dominicanos,6372,Enero-Marzo,2022
Extranjeros,476,Enero-Marzo,2022
Edad 1 a 17,89,Abril-Junio,2022
Edad 18 a 25,1753,Abril-Junio,2022
Edad 26 a 30,1215,Abril-Junio,2022
Edad 31 a 35,958,Abril-Junio,2022
Edad 36 a 40,857,Abril-Junio,2022
Edad 41 a 45,608,Abril-Junio,2022
Edad 46 a 50,417,Abril-Junio,2022
Edad 51 a mas,1188,Abril-Junio,2022
Hombres,6953,Abril-Junio,2022
Mujeres,132,Abril-Junio,2022
Dominicanos,6503,Abril-Junio,2022
Extranjeros,582,Abril-Junio,2022
Edad 1 a 17,104,Julio-Septiembre,2022
Edad 18 a 25,1997,Julio-Septiembre,2022
Edad 26 a 30,1437,Julio-Septiembre,2022
Edad 31 a 35,1151,Julio-Septiembre,2022
Edad 36 a 40,1035,Julio-Septiembre,2022
Edad 41 a 45,747,Julio-Septiembre,2022
Edad 46 a 50,455,Julio-Septiembre,2022
Edad 51 a mas,1367,Julio-Septiembre,2022
Hombres,8176,Julio-Septiembre,2022
Mujeres,114,Julio-Septiembre,2022
Dominicanos,7619,Julio-Septiembre,2022
Extranjeros,674,Julio-Septiembre,2022
Edad 1 a 17,86,Octubre-Diciembre,2022
Edad 18 a 25,2154,Octubre-Diciembre,2022
Edad 26 a 30,1567,Octubre-Diciembre,2022
Edad 31 a 35,1207,Octubre-Diciembre,2022
Edad 36 a 40,1206,Octubre-Diciembre,2022
Edad 41 a 45,889,Octubre-Diciembre,2022
Edad 46 a 50,518,Octubre-Diciembre,2022
Edad 51 a mas,1022,Octubre-Diciembre,2022
Hombres,8495,Octubre-Diciembre,2022
Mujeres,154,Octubre-Diciembre,2022
Dominicanos,7891,Octubre-Diciembre,2022
Extranjeros,758,Octubre-Diciembre,2022
Edad 1 a 17,31,Enero-Marzo,2023
Edad 18 a 25,645,Enero-Marzo,2023
Edad 26 a 30,480,Enero-Marzo,2023
Edad 31 a 35,396,Enero-Marzo,2023
Edad 36 a 40,290,Enero-Marzo,2023
Edad 41 a 45,196,Enero-Marzo,2023
Edad 46 a 50,391,Enero-Marzo,2023
Edad 51 a mas,391,Enero-Marzo,2023
Hombres,2770,Enero-Marzo,2023
Mujeres,40,Enero-Marzo,2023
Dominicanos,2599,Enero-Marzo,2023
Extranjeros,211,Enero-Marzo,2023
Edad 1 a 17,64,Abril-Junio,2023
Edad 18 a 25,1842,Abril-Junio,2023
Edad 26 a 30,1398,Abril-Junio,2023
Edad 31 a 35,1134,Abril-Junio,2023
Edad 36 a 40,1094,Abril-Junio,2023
Edad 41 a 45,837,Abril-Junio,2023
Edad 46 a 50,545,Abril-Junio,2023
Edad 51 a mas,1162,Abril-Junio,2023
Hombres,7955,Abril-Junio,2023
Mujeres,121,Abril-Junio,2023
Dominicanos,7383,Abril-Junio,2023
Extranjeros,693,Abril-Junio,2023
