discourse,link,datetime,id,file
Discurso de rendición de cuentas 2026 del presidente Luis Abinader,https://presidencia.gob.do/discursos/discurso-de-rendicion-de-cuentas-2026-del-presidente-luis-abinader,2026-02-26T23:00:00Z,discurso_de_rendicin_de_cuentas_2026_del_presidente_luis_abinader,data/raw/discursos/discurso_de_rendicin_de_cuentas_2026_del_presidente_luis_abinader.pdf
Discurso presidente Abinader donde anuncia 15 medidas para enfrentar la migración ilegal,https://presidencia.gob.do/discursos/discurso-presidente-abinader-donde-anuncia-15-medidas-para-enfrentar-la-migracion-ilegal,2025-04-05T22:00:00Z,discurso_presidente_abinader_donde_anuncia_15_medidas_para_enfrentar_la_migracin_ilegal,data/raw/discursos/discurso_presidente_abinader_donde_anuncia_15_medidas_para_enfrentar_la_migracin_ilegal.pdf
Discurso de rendición de cuentas 2025 del presidente Luis Abinader,https://presidencia.gob.do/discursos/discurso-de-rendicion-de-cuentas-2025-del-presidente-luis-abinader,2025-02-26T23:00:00Z,discurso_de_rendicin_de_cuentas_2025_del_presidente_luis_abinader,data/raw/discursos/discurso_de_rendicin_de_cuentas_2025_del_presidente_luis_abinader.pdf
"Discurso del presidente Luis Abinader en la Conferencia de Energía y Expo sobre la Cadena de Suministro, Guyana 2025.",https://presidencia.gob.do/discursos/discurso-del-presidente-luis-abinader-en-la-conferencia-de-energia-y-expo-sobre-la-cadena,2025-02-17T23:00:00Z,discurso_del_presidente_luis_abinader_en_la_conferencia_de_energa_y_expo_sobre_la_cadena_de_suministro_guyana_2025,data/raw/discursos/discurso_del_presidente_luis_abinader_en_la_conferencia_de_energa_y_expo_sobre_la_cadena_de_suministro_guyana_2025.pdf
Discurso del presidente Luis Abinader en acto apoyo a la Democracia en Venezuela,https://presidencia.gob.do/discursos/discurso-del-presidente-luis-abinader-en-acto-apoyo-la-democracia-en-venezuela,2025-01-08T23:00:00Z,discurso_del_presidente_luis_abinader_en_acto_apoyo_a_la_democracia_en_venezuela,data/raw/discursos/discurso_del_presidente_luis_abinader_en_acto_apoyo_a_la_democracia_en_venezuela.pdf
Discurso del presidente Luis Abinader en acto de proclamación de la nueva Constitución dominicana,https://presidencia.gob.do/discursos/discurso-del-presidente-luis-abinader-en-acto-de-proclamacion-de-la-nueva-constitucion,2024-10-26T22:00:00Z,discurso_del_presidente_luis_abinader_en_acto_de_proclamacin_de_la_nueva_constitucin_dominicana,data/raw/discursos/discurso_del_presidente_luis_abinader_en_acto_de_proclamacin_de_la_nueva_constitucin_dominicana.pdf
Discurso del presidente Luis Abinader donde anuncia el retiro del Proyecto de Ley de Modernización Fiscal,https://presidencia.gob.do/discursos/discurso-del-presidente-luis-abinader-donde-anuncia-el-retiro-del-proyecto-de-ley-de,2024-10-18T22:00:00Z,discurso_del_presidente_luis_abinader_donde_anuncia_el_retiro_del_proyecto_de_ley_de_modernizacin_fiscal,data/raw/discursos/discurso_del_presidente_luis_abinader_donde_anuncia_el_retiro_del_proyecto_de_ley_de_modernizacin_fiscal.pdf
"Discurso del presidente Luis Abinader ante la ""79ª sesión de la Asamblea General de la ONU""",https://presidencia.gob.do/discursos/discurso-del-presidente-luis-abinader-ante-la-79a-sesion-de-la-asamblea-general-de-la-onu,2024-09-24T22:00:00Z,discurso_del_presidente_luis_abinader_ante_la_79_sesin_de_la_asamblea_general_de_la_onu,data/raw/discursos/discurso_del_presidente_luis_abinader_ante_la_79_sesin_de_la_asamblea_general_de_la_onu.pdf
Discurso de la toma de posesión 2024 del presidente Luis Abinader,https://presidencia.gob.do/discursos/discurso-de-la-toma-de-posesion-2024-del-presidente-luis-abinader,2024-08-15T22:00:00Z,discurso_de_la_toma_de_posesin_2024_del_presidente_luis_abinader,data/raw/discursos/discurso_de_la_toma_de_posesin_2024_del_presidente_luis_abinader.pdf
Discurso de rendición de cuentas 2024 del presidente Luis Abinader,https://presidencia.gob.do/discursos/discurso-de-rendicion-de-cuentas-2024-del-presidente-luis-abinader,2024-02-26T23:00:00Z,discurso_de_rendicin_de_cuentas_2024_del_presidente_luis_abinader,data/raw/discursos/discurso_de_rendicin_de_cuentas_2024_del_presidente_luis_abinader.pdf
Discurso de rendición de cuentas del presidente Luis Abinader 2022-2023,https://presidencia.gob.do/discursos/discurso-de-rendicion-de-cuentas-del-presidente-luis-abinader-2022-2023,2023-02-26T23:00:00Z,discurso_de_rendicin_de_cuentas_del_presidente_luis_abinader_20222023,data/raw/discursos/discurso_de_rendicin_de_cuentas_del_presidente_luis_abinader_20222023.pdf
Discurso Presidente Luis Abinader en la Cumbre del Sistema de la Integración Centroamericana (SICA),https://presidencia.gob.do/discursos/discurso-presidente-luis-abinader-en-la-cumbre-del-sistema-de-la-integracion,2022-12-07T23:00:00Z,discurso_presidente_luis_abinader_en_la_cumbre_del_sistema_de_la_integracin_centroamericana_sica,data/raw/discursos/discurso_presidente_luis_abinader_en_la_cumbre_del_sistema_de_la_integracin_centroamericana_sica.pdf
Discurso del Presidente Luis Abinader en el segundo año de gestión,https://presidencia.gob.do/discursos/discurso-del-presidente-luis-abinader-en-el-segundo-ano-de-gestion,2022-08-15T22:00:00Z,discurso_del_presidente_luis_abinader_en_el_segundo_ao_de_gestin,data/raw/discursos/discurso_del_presidente_luis_abinader_en_el_segundo_ao_de_gestin.pdf
Palabras del presidente Luis Abinader ante la IX Cumbre de las Américas,https://presidencia.gob.do/discursos/palabras-del-presidente-luis-abinader-ante-la-ix-cumbre-de-las-americas,2022-06-09T22:00:00Z,palabras_del_presidente_luis_abinader_ante_la_ix_cumbre_de_las_amricas,data/raw/discursos/palabras_del_presidente_luis_abinader_ante_la_ix_cumbre_de_las_amricas.pdf
Palabras del presidente Luis Abinader ante la 75ª Asamblea Mundial de la Salud,https://presidencia.gob.do/discursos/palabras-del-presidente-luis-abinader-ante-la-75a-asamblea-mundial-de-la-salud,2022-05-21T22:00:00Z,palabras_del_presidente_luis_abinader_ante_la_75_asamblea_mundial_de_la_salud,data/raw/discursos/palabras_del_presidente_luis_abinader_ante_la_75_asamblea_mundial_de_la_salud.pdf
Palabras del presidente sobre medidas para estabilizar precio de los combustibles y de la canasta básica,https://presidencia.gob.do/discursos/palabras-del-presidente-sobre-medidas-para-estabilizar-precio-de-los-combustibles-y-de-la,2022-03-06T23:00:00Z,palabras_del_presidente_sobre_medidas_para_estabilizar_precio_de_los_combustibles_y_de_la_canasta_bsica,data/raw/discursos/palabras_del_presidente_sobre_medidas_para_estabilizar_precio_de_los_combustibles_y_de_la_canasta_bsica.pdf
Discurso del presidente Luis Abinader rendición de cuentas 27 de febrero de 2022,https://presidencia.gob.do/discursos/discurso-del-presidente-luis-abinader-rendicion-de-cuentas-27-de-febrero-de-2022,2022-02-26T23:00:00Z,discurso_del_presidente_luis_abinader_rendicin_de_cuentas_27_de_febrero_de_2022,data/raw/discursos/discurso_del_presidente_luis_abinader_rendicin_de_cuentas_27_de_febrero_de_2022.pdf
Discurso del presidente Luis Abinader sobre el fideicomiso Punta Catalina,https://presidencia.gob.do/discursos/discurso-del-presidente-luis-abinader-sobre-el-fideicomiso-punta-catalina,2022-01-29T23:00:00Z,discurso_del_presidente_luis_abinader_sobre_el_fideicomiso_punta_catalina,data/raw/discursos/discurso_del_presidente_luis_abinader_sobre_el_fideicomiso_punta_catalina.pdf
Discurso del presidente Luis Abinader sobre el acuerdo del peaje de la autopista de Samaná,https://presidencia.gob.do/discursos/discurso-del-presidente-luis-abinader-sobre-el-acuerdo-del-peaje-de-la-autopista-de,2021-12-08T23:00:00Z,discurso_del_presidente_luis_abinader_sobre_el_acuerdo_del_peaje_de_la_autopista_de_saman,data/raw/discursos/discurso_del_presidente_luis_abinader_sobre_el_acuerdo_del_peaje_de_la_autopista_de_saman.pdf
Discurso del presidente Luis Abinader sobre la política fiscal,https://presidencia.gob.do/discursos/discurso-del-presidente-luis-abinader-sobre-la-politica-fiscal,2021-10-26T22:00:00Z,discurso_del_presidente_luis_abinader_sobre_la_poltica_fiscal,data/raw/discursos/discurso_del_presidente_luis_abinader_sobre_la_poltica_fiscal.pdf
Discurso presidente Luis Abinader ante la Asamblea General de las Naciones Unidas,https://presidencia.gob.do/discursos/discurso-presidente-luis-abinader-ante-la-asamblea-general-de-las-naciones-unidas,2021-09-21T22:00:00Z,discurso_presidente_luis_abinader_ante_la_asamblea_general_de_las_naciones_unidas,data/raw/discursos/discurso_presidente_luis_abinader_ante_la_asamblea_general_de_las_naciones_unidas.pdf
Discurso presidente Luis Abinader Primer Año del Cambio,https://presidencia.gob.do/discursos/discurso-presidente-luis-abinader-primer-ano-del-cambio,2021-08-17T22:00:00Z,discurso_presidente_luis_abinader_primer_ao_del_cambio,data/raw/discursos/discurso_presidente_luis_abinader_primer_ao_del_cambio.pdf
Discurso del presidente Luis Abinader desescalada gradual del toque de queda,https://presidencia.gob.do/discursos/discurso-del-presidente-luis-abinader-desescalada-gradual-del-toque-de-queda,2021-07-08T22:00:00Z,discurso_del_presidente_luis_abinader_desescalada_gradual_del_toque_de_queda,data/raw/discursos/discurso_del_presidente_luis_abinader_desescalada_gradual_del_toque_de_queda.pdf
Discurso del presidente Luis Abinader Cumbre Iberoamericana de Jefes de Estado y de Gobierno,https://presidencia.gob.do/discursos/discurso-del-presidente-luis-abinader-cumbre-iberoamericana-de-jefes-de-estado-y-de,2021-04-22T22:00:00Z,discurso_del_presidente_luis_abinader_cumbre_iberoamericana_de_jefes_de_estado_y_de_gobierno,data/raw/discursos/discurso_del_presidente_luis_abinader_cumbre_iberoamericana_de_jefes_de_estado_y_de_gobierno.pdf
Palabras del presidente al recibir la secretaría pro tempore de la Cumbre Iberoamericana de Jefes de Estado y de Gobierno,https://presidencia.gob.do/discursos/palabras-del-presidente-al-recibir-la-secretaria-pro-tempore-de-la-cumbre-iberoamericana,2021-04-20T22:00:00Z,palabras_del_presidente_al_recibir_la_secretara_pro_tempore_de_la_cumbre_iberoamericana_de_jefes_de_estado_y_de_gobierno,data/raw/discursos/palabras_del_presidente_al_recibir_la_secretara_pro_tempore_de_la_cumbre_iberoamericana_de_jefes_de_estado_y_de_gobierno.pdf
Palabras del presidente durante la inaguración del Hospital Dr. Félix Maria Goico,https://presidencia.gob.do/discursos/palabras-del-presidente-durante-la-inaguracion-del-hospital-dr-felix-maria-goico,2021-03-10T23:00:00Z,palabras_del_presidente_durante_la_inaguracin_del_hospital_dr_flix_maria_goico,data/raw/discursos/palabras_del_presidente_durante_la_inaguracin_del_hospital_dr_flix_maria_goico.pdf
Discurso presidente Abinader rendición de cuentas ante la Asamblea Nacional,https://presidencia.gob.do/discursos/discurso-presidente-abinader-rendicion-de-cuentas-ante-la-asamblea-nacional,2021-02-26T23:00:00Z,discurso_presidente_abinader_rendicin_de_cuentas_ante_la_asamblea_nacional,data/raw/discursos/discurso_presidente_abinader_rendicin_de_cuentas_ante_la_asamblea_nacional.pdf
"Palabras del presidente Abinader durante la extensión del programa ""Quédate en casa"" y creación de ""Supérate""",https://presidencia.gob.do/discursos/palabras-del-presidente-abinader-durante-la-extension-del-programa-quedate-en-casa-y,2021-01-03T23:00:00Z,palabras_del_presidente_abinader_durante_la_extensin_del_programa_qudate_en_casa_y_creacin_de_suprate,data/raw/discursos/palabras_del_presidente_abinader_durante_la_extensin_del_programa_qudate_en_casa_y_creacin_de_suprate.pdf
Palabras del presidente Abinader en la entrega del seguro médico Máximo del Senasa a la Policía Nacional,https://presidencia.gob.do/discursos/palabras-del-presidente-abinader-en-la-entrega-del-seguro-medico-maximo-del-senasa-la,2020-12-28T23:00:00Z,palabras_del_presidente_abinader_en_la_entrega_del_seguro_mdico_mximo_del_senasa_a_la_polica_nacional,data/raw/discursos/palabras_del_presidente_abinader_en_la_entrega_del_seguro_mdico_mximo_del_senasa_a_la_polica_nacional.pdf
Declaraciones de Abinader en el acuerdo de cumplimiento del protocolo sanitario para el sector turístico para la temporada de invierno 2020,https://presidencia.gob.do/discursos/declaraciones-de-abinader-en-el-acuerdo-de-cumplimiento-del-protocolo-sanitario-para-el,2020-12-14T23:00:00Z,declaraciones_de_abinader_en_el_acuerdo_de_cumplimiento_del_protocolo_sanitario_para_el_sector_turstico_para_la_temporada_de_invierno_2020,data/raw/discursos/declaraciones_de_abinader_en_el_acuerdo_de_cumplimiento_del_protocolo_sanitario_para_el_sector_turstico_para_la_temporada_de_invierno_2020.pdf
Palabras del presidente Abinader en la inauguración de la nueva sede del BCIE,https://presidencia.gob.do/discursos/palabras-del-presidente-abinader-en-la-inauguracion-de-la-nueva-sede-del-bcie,2020-12-14T23:00:00Z,palabras_del_presidente_abinader_en_la_inauguracin_de_la_nueva_sede_del_bcie,data/raw/discursos/palabras_del_presidente_abinader_en_la_inauguracin_de_la_nueva_sede_del_bcie.pdf
Palabras del presidente Luis Abinader en la entrega de la tarjeta Bono Navideño,https://presidencia.gob.do/discursos/palabras-del-presidente-luis-abinader-en-la-entrega-de-la-tarjeta-bono-navideno,2020-12-14T23:00:00Z,palabras_del_presidente_luis_abinader_en_la_entrega_de_la_tarjeta_bono_navideo,data/raw/discursos/palabras_del_presidente_luis_abinader_en_la_entrega_de_la_tarjeta_bono_navideo.pdf
Palabras del presidente Abinader en el panel Marca País,https://presidencia.gob.do/discursos/palabras-del-presidente-abinader-en-el-panel-marca-pais,2020-12-14T23:00:00Z,palabras_del_presidente_abinader_en_el_panel_marca_pas,data/raw/discursos/palabras_del_presidente_abinader_en_el_panel_marca_pas.pdf
Declaraciones del presidente Luis Abinader en el evento virtual AmchamDR Encounters,https://presidencia.gob.do/discursos/declaraciones-del-presidente-luis-abinader-en-el-evento-virtual-amchamdr-encounters,2020-12-14T23:00:00Z,declaraciones_del_presidente_luis_abinader_en_el_evento_virtual_amchamdr_encounters,data/raw/discursos/declaraciones_del_presidente_luis_abinader_en_el_evento_virtual_amchamdr_encounters.pdf
Palabras del presidente Abinader durante la afiliación de dos millones más de dominicanos en el Seguro Nacional de Salud,https://presidencia.gob.do/discursos/palabras-del-presidente-abinader-durante-la-afiliacion-de-dos-millones-mas-de-dominicanos,2020-12-13T23:00:00Z,palabras_del_presidente_abinader_durante_la_afiliacin_de_dos_millones_ms_de_dominicanos_en_el_seguro_nacional_de_salud,data/raw/discursos/palabras_del_presidente_abinader_durante_la_afiliacin_de_dos_millones_ms_de_dominicanos_en_el_seguro_nacional_de_salud.pdf
Palabras del presidente Abinader en la firma de la declaración de Chapultepec y de Salta,https://presidencia.gob.do/discursos/palabras-del-presidente-abinader-en-la-firma-de-la-declaracion-de-chapultepec-y-de-salta,2020-10-22T22:00:00Z,palabras_del_presidente_abinader_en_la_firma_de_la_declaracin_de_chapultepec_y_de_salta,data/raw/discursos/palabras_del_presidente_abinader_en_la_firma_de_la_declaracin_de_chapultepec_y_de_salta.pdf
Palabras del presidente Luis Abinader en el lanzamiento Estrategia Marca País,https://presidencia.gob.do/discursos/palabras-del-presidente-luis-abinader-en-el-lanzamiento-estrategia-marca-pais,2020-10-19T22:00:00Z,palabras_del_presidente_luis_abinader_en_el_lanzamiento_estrategia_marca_pas,data/raw/discursos/palabras_del_presidente_luis_abinader_en_el_lanzamiento_estrategia_marca_pas.pdf
Discurso del presidente Luis Abinader al pueblo dominicano,https://presidencia.gob.do/discursos/discurso-del-presidente-luis-abinader-al-pueblo-dominicano,2020-10-07T22:00:00Z,discurso_del_presidente_luis_abinader_al_pueblo_dominicano,data/raw/discursos/discurso_del_presidente_luis_abinader_al_pueblo_dominicano.pdf
Palabras del presidente Luis Abinader ante el Parlamento Centroamericano,https://presidencia.gob.do/discursos/palabras-del-presidente-luis-abinader-ante-el-parlamento-centroamericano,2020-09-29T22:00:00Z,palabras_del_presidente_luis_abinader_ante_el_parlamento_centroamericano,data/raw/discursos/palabras_del_presidente_luis_abinader_ante_el_parlamento_centroamericano.pdf
Discurso del presidente Luis Abinader en la Organización de las Naciones Unidas (ONU),https://presidencia.gob.do/discursos/discurso-del-presidente-luis-abinader-en-la-organizacion-de-las-naciones-unidas-onu,2020-09-22T22:00:00Z,discurso_del_presidente_luis_abinader_en_la_organizacin_de_las_naciones_unidas_onu,data/raw/discursos/discurso_del_presidente_luis_abinader_en_la_organizacin_de_las_naciones_unidas_onu.pdf
Declaraciones del presidente Luis Abinader dirigida a los dominicanos por primer mes en el Gobierno,https://presidencia.gob.do/discursos/declaraciones-del-presidente-luis-abinader-dirigida-los-dominicanos-por-primer-mes-en-el,2020-09-15T22:00:00Z,declaraciones_del_presidente_luis_abinader_dirigida_a_los_dominicanos_por_primer_mes_en_el_gobierno,data/raw/discursos/declaraciones_del_presidente_luis_abinader_dirigida_a_los_dominicanos_por_primer_mes_en_el_gobierno.pdf
Discurso del presidente Luis Abinader en el acto de toma de posesión ante la Asamblea Nacional,https://presidencia.gob.do/discursos/discurso-del-presidente-luis-abinader-en-el-acto-de-toma-de-posesion-ante-la-asamblea,2020-08-15T22:00:00Z,discurso_del_presidente_luis_abinader_en_el_acto_de_toma_de_posesin_ante_la_asamblea_nacional,data/raw/discursos/discurso_del_presidente_luis_abinader_en_el_acto_de_toma_de_posesin_ante_la_asamblea_nacional.pdf
